session_id,market_time,market_id,market_name,market_price,fundamental_price
0,0,0,Market_1,20000.0,20000.0
0,1,0,Market_1,20000.0,20000.0
0,2,0,Market_1,20000.0,20000.0
0,3,0,Market_1,20000.0,20000.0
0,4,0,Market_1,20000.0,20000.0
0,5,0,Market_1,20000.0,20000.0
0,6,0,Market_1,20000.0,20000.0
0,7,0,Market_1,20000.0,20000.0
0,8,0,Market_1,20000.0,20000.0
0,9,0,Market_1,20000.0,20000.0
0,10,0,Market_1,20000.0,20000.0
0,11,0,Market_1,20000.0,20000.0
0,12,0,Market_1,20000.0,20000.0
0,13,0,Market_1,20000.0,20000.0
0,14,0,Market_1,20000.0,20000.0
0,15,0,Market_1,20000.0,20000.0
0,16,0,Market_1,20000.0,20000.0
0,17,0,Market_1,20000.0,20000.0
0,18,0,Market_1,20000.0,20000.0
0,19,0,Market_1,20000.0,20000.0
0,20,0,Market_1,20000.0,20000.0
0,21,0,Market_1,20000.0,20000.0
0,22,0,Market_1,20000.0,20000.0
0,23,0,Market_1,20000.0,20000.0
0,24,0,Market_1,20000.0,20000.0
0,25,0,Market_1,20000.0,20000.0
0,26,0,Market_1,20000.0,20000.0
0,27,0,Market_1,20000.0,20000.0
0,28,0,Market_1,20000.0,20000.0
0,29,0,Market_1,20000.0,20000.0
0,30,0,Market_1,20000.0,20000.0
0,31,0,Market_1,20000.0,20000.0
0,32,0,Market_1,20000.0,20000.0
0,33,0,Market_1,20000.0,20000.0
0,34,0,Market_1,20000.0,20000.0
0,35,0,Market_1,20000.0,20000.0
0,36,0,Market_1,20000.0,20000.0
0,37,0,Market_1,20000.0,20000.0
0,38,0,Market_1,20000.0,20000.0
0,39,0,Market_1,20000.0,20000.0
0,40,0,Market_1,20000.0,20000.0
0,41,0,Market_1,20000.0,20000.0
0,42,0,Market_1,20000.0,20000.0
0,43,0,Market_1,20000.0,20000.0
0,44,0,Market_1,20000.0,20000.0
0,45,0,Market_1,20000.0,20000.0
0,46,0,Market_1,20000.0,20000.0
0,47,0,Market_1,20000.0,20000.0
0,48,0,Market_1,20000.0,20000.0
0,49,0,Market_1,20000.0,20000.0
0,50,0,Market_1,20000.0,20000.0
0,51,0,Market_1,20000.0,20000.0
0,52,0,Market_1,20000.0,20000.0
0,53,0,Market_1,20000.0,20000.0
0,54,0,Market_1,20000.0,20000.0
0,55,0,Market_1,20000.0,20000.0
0,56,0,Market_1,20000.0,20000.0
0,57,0,Market_1,20000.0,20000.0
0,58,0,Market_1,20000.0,20000.0
0,59,0,Market_1,20000.0,20000.0
0,60,0,Market_1,20000.0,20000.0
0,61,0,Market_1,20000.0,20000.0
0,62,0,Market_1,20000.0,20000.0
0,63,0,Market_1,20000.0,20000.0
0,64,0,Market_1,20000.0,20000.0
0,65,0,Market_1,20000.0,20000.0
0,66,0,Market_1,20000.0,20000.0
0,67,0,Market_1,20000.0,20000.0
0,68,0,Market_1,20000.0,20000.0
0,69,0,Market_1,20000.0,20000.0
0,70,0,Market_1,20000.0,20000.0
0,71,0,Market_1,20000.0,20000.0
0,72,0,Market_1,20000.0,20000.0
0,73,0,Market_1,20000.0,20000.0
0,74,0,Market_1,20000.0,20000.0
0,75,0,Market_1,20000.0,20000.0
0,76,0,Market_1,20000.0,20000.0
0,77,0,Market_1,20000.0,20000.0
0,78,0,Market_1,20000.0,20000.0
0,79,0,Market_1,20000.0,20000.0
0,80,0,Market_1,20000.0,20000.0
0,81,0,Market_1,20000.0,20000.0
0,82,0,Market_1,20000.0,20000.0
0,83,0,Market_1,20000.0,20000.0
0,84,0,Market_1,20000.0,20000.0
0,85,0,Market_1,20000.0,20000.0
0,86,0,Market_1,20000.0,20000.0
0,87,0,Market_1,20000.0,20000.0
0,88,0,Market_1,20000.0,20000.0
0,89,0,Market_1,20000.0,20000.0
0,90,0,Market_1,20000.0,20000.0
0,91,0,Market_1,20000.0,20000.0
0,92,0,Market_1,20000.0,20000.0
0,93,0,Market_1,20000.0,20000.0
0,94,0,Market_1,20000.0,20000.0
0,95,0,Market_1,20000.0,20000.0
0,96,0,Market_1,20000.0,20000.0
0,97,0,Market_1,20000.0,20000.0
0,98,0,Market_1,20000.0,20000.0
0,99,0,Market_1,20000.0,20000.0
1,100,0,Market_1,20055.010000000002,20000.0
1,101,0,Market_1,20088.010000000002,20000.0
1,102,0,Market_1,20088.010000000002,20000.0
1,103,0,Market_1,20088.010000000002,20000.0
1,104,0,Market_1,20173.81,20000.0
1,105,0,Market_1,20173.81,20000.0
1,106,0,Market_1,20173.81,20000.0
1,107,0,Market_1,20192.28,20000.0
1,108,0,Market_1,20004.65,20000.0
1,109,0,Market_1,20004.65,20000.0
1,110,0,Market_1,20004.65,20000.0
1,111,0,Market_1,20196.56,20000.0
1,112,0,Market_1,20196.56,20000.0
1,113,0,Market_1,20196.56,20000.0
1,114,0,Market_1,20296.72,20000.0
1,115,0,Market_1,20296.72,20000.0
1,116,0,Market_1,20296.72,20000.0
1,117,0,Market_1,20296.72,20000.0
1,118,0,Market_1,20296.72,20000.0
1,119,0,Market_1,20296.72,20000.0
1,120,0,Market_1,20296.72,20000.0
1,121,0,Market_1,20296.72,20000.0
1,122,0,Market_1,20380.73,20000.0
1,123,0,Market_1,20212.09,20000.0
1,124,0,Market_1,20212.09,20000.0
1,125,0,Market_1,20109.010000000002,20000.0
1,126,0,Market_1,20109.010000000002,20000.0
1,127,0,Market_1,20109.010000000002,20000.0
1,128,0,Market_1,20109.010000000002,20000.0
1,129,0,Market_1,20109.010000000002,20000.0
1,130,0,Market_1,20109.010000000002,20000.0
1,131,0,Market_1,20171.14,20000.0
1,132,0,Market_1,19957.63,20000.0
1,133,0,Market_1,19957.63,20000.0
1,134,0,Market_1,19957.63,20000.0
1,135,0,Market_1,19957.63,20000.0
1,136,0,Market_1,20398.74,20000.0
1,137,0,Market_1,20398.74,20000.0
1,138,0,Market_1,20398.74,20000.0
1,139,0,Market_1,20398.74,20000.0
1,140,0,Market_1,20398.74,20000.0
1,141,0,Market_1,19951.96,20000.0
1,142,0,Market_1,19951.96,20000.0
1,143,0,Market_1,19951.96,20000.0
1,144,0,Market_1,19928.2,20000.0
1,145,0,Market_1,19928.2,20000.0
1,146,0,Market_1,19928.2,20000.0
1,147,0,Market_1,19928.2,20000.0
1,148,0,Market_1,19928.2,20000.0
1,149,0,Market_1,19928.2,20000.0
1,150,0,Market_1,19928.2,20000.0
1,151,0,Market_1,19928.2,20000.0
1,152,0,Market_1,19988.68,20000.0
1,153,0,Market_1,19988.68,20000.0
1,154,0,Market_1,20450.29,20000.0
1,155,0,Market_1,20457.45,20000.0
1,156,0,Market_1,20457.45,20000.0
1,157,0,Market_1,20491.56,20000.0
1,158,0,Market_1,20491.56,20000.0
1,159,0,Market_1,19950.850000000002,20000.0
1,160,0,Market_1,19950.850000000002,20000.0
1,161,0,Market_1,19950.850000000002,20000.0
1,162,0,Market_1,19950.850000000002,20000.0
1,163,0,Market_1,19950.850000000002,20000.0
1,164,0,Market_1,19950.850000000002,20000.0
1,165,0,Market_1,19875.36,20000.0
1,166,0,Market_1,19875.36,20000.0
1,167,0,Market_1,19875.36,20000.0
1,168,0,Market_1,19872.0,20000.0
1,169,0,Market_1,19872.0,20000.0
1,170,0,Market_1,19872.0,20000.0
1,171,0,Market_1,19872.0,20000.0
1,172,0,Market_1,19872.0,20000.0
1,173,0,Market_1,19757.33,20000.0
1,174,0,Market_1,19757.33,20000.0
1,175,0,Market_1,19757.33,20000.0
1,176,0,Market_1,19757.33,20000.0
1,177,0,Market_1,20337.48,20000.0
1,178,0,Market_1,19882.25,20000.0
1,179,0,Market_1,19882.25,20000.0
1,180,0,Market_1,19882.25,20000.0
1,181,0,Market_1,19882.25,20000.0
1,182,0,Market_1,19882.25,20000.0
1,183,0,Market_1,19882.25,20000.0
1,184,0,Market_1,19882.25,20000.0
1,185,0,Market_1,19882.25,20000.0
1,186,0,Market_1,19882.25,20000.0
1,187,0,Market_1,19882.25,20000.0
1,188,0,Market_1,19882.25,20000.0
1,189,0,Market_1,20094.95,20000.0
1,190,0,Market_1,20094.95,20000.0
1,191,0,Market_1,20094.95,20000.0
1,192,0,Market_1,20094.95,20000.0
1,193,0,Market_1,20094.95,20000.0
1,194,0,Market_1,20229.71,20000.0
1,195,0,Market_1,20229.71,20000.0
1,196,0,Market_1,20229.71,20000.0
1,197,0,Market_1,19755.5,20000.0
1,198,0,Market_1,19731.37,20000.0
1,199,0,Market_1,19731.37,20000.0
1,200,0,Market_1,19982.170000000002,20000.0
1,201,0,Market_1,19982.170000000002,20000.0
1,202,0,Market_1,19982.170000000002,20000.0
1,203,0,Market_1,19722.94,20000.0
1,204,0,Market_1,19722.94,20000.0
1,205,0,Market_1,19722.94,20000.0
1,206,0,Market_1,19722.94,20000.0
1,207,0,Market_1,19722.94,20000.0
1,208,0,Market_1,19722.94,20000.0
1,209,0,Market_1,20120.94,20000.0
1,210,0,Market_1,20120.94,20000.0
1,211,0,Market_1,20120.94,20000.0
1,212,0,Market_1,20120.94,20000.0
1,213,0,Market_1,19988.44,20000.0
1,214,0,Market_1,19898.12,20000.0
1,215,0,Market_1,19692.55,20000.0
1,216,0,Market_1,19692.55,20000.0
1,217,0,Market_1,19692.55,20000.0
1,218,0,Market_1,20117.79,20000.0
1,219,0,Market_1,20117.79,20000.0
1,220,0,Market_1,20117.79,20000.0
1,221,0,Market_1,19692.43,20000.0
1,222,0,Market_1,19626.3,20000.0
1,223,0,Market_1,19626.3,20000.0
1,224,0,Market_1,19626.3,20000.0
1,225,0,Market_1,19626.3,20000.0
1,226,0,Market_1,19626.3,20000.0
1,227,0,Market_1,20373.260000000002,20000.0
1,228,0,Market_1,20373.260000000002,20000.0
1,229,0,Market_1,20373.260000000002,20000.0
1,230,0,Market_1,20373.260000000002,20000.0
1,231,0,Market_1,20445.03,20000.0
1,232,0,Market_1,20453.02,20000.0
1,233,0,Market_1,20453.02,20000.0
1,234,0,Market_1,20397.41,20000.0
1,235,0,Market_1,20397.41,20000.0
1,236,0,Market_1,20397.41,20000.0
1,237,0,Market_1,20397.41,20000.0
1,238,0,Market_1,20397.41,20000.0
1,239,0,Market_1,20397.41,20000.0
1,240,0,Market_1,20357.87,20000.0
1,241,0,Market_1,20357.87,20000.0
1,242,0,Market_1,20511.78,20000.0
1,243,0,Market_1,20511.78,20000.0
1,244,0,Market_1,20582.760000000002,20000.0
1,245,0,Market_1,20582.760000000002,20000.0
1,246,0,Market_1,20155.41,20000.0
1,247,0,Market_1,20155.41,20000.0
1,248,0,Market_1,20155.41,20000.0
1,249,0,Market_1,20155.41,20000.0
1,250,0,Market_1,20155.41,20000.0
1,251,0,Market_1,20155.41,20000.0
1,252,0,Market_1,19929.65,20000.0
1,253,0,Market_1,19929.65,20000.0
1,254,0,Market_1,19929.65,20000.0
1,255,0,Market_1,19929.65,20000.0
1,256,0,Market_1,19929.65,20000.0
1,257,0,Market_1,19929.65,20000.0
1,258,0,Market_1,19929.65,20000.0
1,259,0,Market_1,19929.65,20000.0
1,260,0,Market_1,19929.65,20000.0
1,261,0,Market_1,19871.98,20000.0
1,262,0,Market_1,19871.98,20000.0
1,263,0,Market_1,19625.41,20000.0
1,264,0,Market_1,19614.34,20000.0
1,265,0,Market_1,19607.760000000002,20000.0
1,266,0,Market_1,19552.91,20000.0
1,267,0,Market_1,19552.91,20000.0
1,268,0,Market_1,19552.91,20000.0
1,269,0,Market_1,19908.84,20000.0
1,270,0,Market_1,19908.84,20000.0
1,271,0,Market_1,19908.84,20000.0
1,272,0,Market_1,19908.84,20000.0
1,273,0,Market_1,19908.84,20000.0
1,274,0,Market_1,20025.62,20000.0
1,275,0,Market_1,20025.62,20000.0
1,276,0,Market_1,20025.62,20000.0
1,277,0,Market_1,20025.62,20000.0
1,278,0,Market_1,20025.62,20000.0
1,279,0,Market_1,20003.84,20000.0
1,280,0,Market_1,20003.84,20000.0
1,281,0,Market_1,19899.52,20000.0
1,282,0,Market_1,19899.52,20000.0
1,283,0,Market_1,19899.52,20000.0
1,284,0,Market_1,19899.52,20000.0
1,285,0,Market_1,19899.52,20000.0
1,286,0,Market_1,19899.52,20000.0
1,287,0,Market_1,19899.52,20000.0
1,288,0,Market_1,19899.52,20000.0
1,289,0,Market_1,20052.93,20000.0
1,290,0,Market_1,19813.47,20000.0
1,291,0,Market_1,19813.47,20000.0
1,292,0,Market_1,19813.47,20000.0
1,293,0,Market_1,19813.47,20000.0
1,294,0,Market_1,19813.47,20000.0
1,295,0,Market_1,19813.47,20000.0
1,296,0,Market_1,19813.47,20000.0
1,297,0,Market_1,19813.47,20000.0
1,298,0,Market_1,19813.47,20000.0
1,299,0,Market_1,19813.47,20000.0
1,300,0,Market_1,19905.9,20000.0
1,301,0,Market_1,19905.9,20000.0
1,302,0,Market_1,19905.9,20000.0
1,303,0,Market_1,19905.9,20000.0
1,304,0,Market_1,19905.9,20000.0
1,305,0,Market_1,19905.9,20000.0
1,306,0,Market_1,19905.9,20000.0
1,307,0,Market_1,19905.9,20000.0
1,308,0,Market_1,19905.9,20000.0
1,309,0,Market_1,19905.9,20000.0
1,310,0,Market_1,20031.89,20000.0
1,311,0,Market_1,20031.89,20000.0
1,312,0,Market_1,20031.89,20000.0
1,313,0,Market_1,20031.89,20000.0
1,314,0,Market_1,20214.06,20000.0
1,315,0,Market_1,20214.06,20000.0
1,316,0,Market_1,20291.84,20000.0
1,317,0,Market_1,20291.84,20000.0
1,318,0,Market_1,20388.18,20000.0
1,319,0,Market_1,20388.18,20000.0
1,320,0,Market_1,20388.18,20000.0
1,321,0,Market_1,20475.39,20000.0
1,322,0,Market_1,20475.39,20000.0
1,323,0,Market_1,20475.39,20000.0
1,324,0,Market_1,20304.65,20000.0
1,325,0,Market_1,20304.65,20000.0
1,326,0,Market_1,20532.9,20000.0
1,327,0,Market_1,20532.9,20000.0
1,328,0,Market_1,20080.760000000002,20000.0
1,329,0,Market_1,20080.760000000002,20000.0
1,330,0,Market_1,20080.760000000002,20000.0
1,331,0,Market_1,20080.760000000002,20000.0
1,332,0,Market_1,19947.39,20000.0
1,333,0,Market_1,19947.39,20000.0
1,334,0,Market_1,19947.39,20000.0
1,335,0,Market_1,19947.39,20000.0
1,336,0,Market_1,19869.850000000002,20000.0
1,337,0,Market_1,19869.850000000002,20000.0
1,338,0,Market_1,19869.850000000002,20000.0
1,339,0,Market_1,19869.850000000002,20000.0
1,340,0,Market_1,19869.850000000002,20000.0
1,341,0,Market_1,20211.61,20000.0
1,342,0,Market_1,20211.61,20000.0
1,343,0,Market_1,20211.61,20000.0
1,344,0,Market_1,20211.61,20000.0
1,345,0,Market_1,20211.61,20000.0
1,346,0,Market_1,20211.61,20000.0
1,347,0,Market_1,19869.4,20000.0
1,348,0,Market_1,19869.4,20000.0
1,349,0,Market_1,19761.05,20000.0
1,350,0,Market_1,19761.05,20000.0
1,351,0,Market_1,19761.05,20000.0
1,352,0,Market_1,19761.05,20000.0
1,353,0,Market_1,19761.05,20000.0
1,354,0,Market_1,19761.05,20000.0
1,355,0,Market_1,19965.33,20000.0
1,356,0,Market_1,19965.33,20000.0
1,357,0,Market_1,20043.13,20000.0
1,358,0,Market_1,20043.13,20000.0
1,359,0,Market_1,20089.09,20000.0
1,360,0,Market_1,20089.09,20000.0
1,361,0,Market_1,20089.09,20000.0
1,362,0,Market_1,20089.09,20000.0
1,363,0,Market_1,19981.55,20000.0
1,364,0,Market_1,19981.55,20000.0
1,365,0,Market_1,19981.55,20000.0
1,366,0,Market_1,19981.55,20000.0
1,367,0,Market_1,19981.55,20000.0
1,368,0,Market_1,19981.55,20000.0
1,369,0,Market_1,19973.33,20000.0
1,370,0,Market_1,20295.97,20000.0
1,371,0,Market_1,20298.0,20000.0
1,372,0,Market_1,20298.0,20000.0
1,373,0,Market_1,20298.0,20000.0
1,374,0,Market_1,20044.2,20000.0
1,375,0,Market_1,20044.2,20000.0
1,376,0,Market_1,20044.2,20000.0
1,377,0,Market_1,20044.2,20000.0
1,378,0,Market_1,19738.670000000002,20000.0
1,379,0,Market_1,19738.670000000002,20000.0
1,380,0,Market_1,19738.670000000002,20000.0
1,381,0,Market_1,19738.670000000002,20000.0
1,382,0,Market_1,19738.670000000002,20000.0
1,383,0,Market_1,20129.96,20000.0
1,384,0,Market_1,20129.96,20000.0
1,385,0,Market_1,20129.96,20000.0
1,386,0,Market_1,19720.760000000002,20000.0
1,387,0,Market_1,19720.760000000002,20000.0
1,388,0,Market_1,19720.760000000002,20000.0
1,389,0,Market_1,19720.760000000002,20000.0
1,390,0,Market_1,19720.760000000002,20000.0
1,391,0,Market_1,19720.760000000002,20000.0
1,392,0,Market_1,19720.760000000002,20000.0
1,393,0,Market_1,19720.760000000002,20000.0
1,394,0,Market_1,19720.760000000002,20000.0
1,395,0,Market_1,19720.760000000002,20000.0
1,396,0,Market_1,19720.760000000002,20000.0
1,397,0,Market_1,19720.760000000002,20000.0
1,398,0,Market_1,20042.86,20000.0
1,399,0,Market_1,20042.86,20000.0
1,400,0,Market_1,20163.3,20000.0
1,401,0,Market_1,20163.3,20000.0
1,402,0,Market_1,20163.3,20000.0
1,403,0,Market_1,20163.3,20000.0
1,404,0,Market_1,20163.3,20000.0
1,405,0,Market_1,20163.3,20000.0
1,406,0,Market_1,20163.3,20000.0
1,407,0,Market_1,20163.3,20000.0
1,408,0,Market_1,20163.3,20000.0
1,409,0,Market_1,19815.93,20000.0
1,410,0,Market_1,19815.93,20000.0
1,411,0,Market_1,19815.93,20000.0
1,412,0,Market_1,19815.93,20000.0
1,413,0,Market_1,19815.93,20000.0
1,414,0,Market_1,19815.93,20000.0
1,415,0,Market_1,19815.93,20000.0
1,416,0,Market_1,20280.27,20000.0
1,417,0,Market_1,20280.27,20000.0
1,418,0,Market_1,20326.16,20000.0
1,419,0,Market_1,20326.16,20000.0
1,420,0,Market_1,20326.16,20000.0
1,421,0,Market_1,20326.16,20000.0
1,422,0,Market_1,20108.22,20000.0
1,423,0,Market_1,20108.22,20000.0
1,424,0,Market_1,20428.670000000002,20000.0
1,425,0,Market_1,20428.670000000002,20000.0
1,426,0,Market_1,20428.670000000002,20000.0
1,427,0,Market_1,19789.72,20000.0
1,428,0,Market_1,19789.72,20000.0
1,429,0,Market_1,19789.72,20000.0
1,430,0,Market_1,19782.510000000002,20000.0
1,431,0,Market_1,19869.95,20000.0
1,432,0,Market_1,19869.95,20000.0
1,433,0,Market_1,19869.95,20000.0
1,434,0,Market_1,19869.95,20000.0
1,435,0,Market_1,20049.71,20000.0
1,436,0,Market_1,20049.71,20000.0
1,437,0,Market_1,20211.94,20000.0
1,438,0,Market_1,20138.81,20000.0
1,439,0,Market_1,20138.81,20000.0
1,440,0,Market_1,20026.53,20000.0
1,441,0,Market_1,20026.53,20000.0
1,442,0,Market_1,20026.53,20000.0
1,443,0,Market_1,20026.53,20000.0
1,444,0,Market_1,20026.53,20000.0
1,445,0,Market_1,20026.53,20000.0
1,446,0,Market_1,20026.53,20000.0
1,447,0,Market_1,20026.53,20000.0
1,448,0,Market_1,20026.53,20000.0
1,449,0,Market_1,20026.53,20000.0
1,450,0,Market_1,19939.59,20000.0
1,451,0,Market_1,19939.59,20000.0
1,452,0,Market_1,19939.59,20000.0
1,453,0,Market_1,19939.59,20000.0
1,454,0,Market_1,20404.07,20000.0
1,455,0,Market_1,20404.07,20000.0
1,456,0,Market_1,20404.07,20000.0
1,457,0,Market_1,20404.07,20000.0
1,458,0,Market_1,20404.07,20000.0
1,459,0,Market_1,20404.07,20000.0
1,460,0,Market_1,20404.07,20000.0
1,461,0,Market_1,20432.58,20000.0
1,462,0,Market_1,20442.21,20000.0
1,463,0,Market_1,20442.21,20000.0
1,464,0,Market_1,20406.95,20000.0
1,465,0,Market_1,20451.32,20000.0
1,466,0,Market_1,20454.02,20000.0
1,467,0,Market_1,20454.02,20000.0
1,468,0,Market_1,20467.66,20000.0
1,469,0,Market_1,20467.66,20000.0
1,470,0,Market_1,20467.66,20000.0
1,471,0,Market_1,20267.3,20000.0
1,472,0,Market_1,20267.3,20000.0
1,473,0,Market_1,20133.62,20000.0
1,474,0,Market_1,20133.62,20000.0
1,475,0,Market_1,20133.62,20000.0
1,476,0,Market_1,19972.04,20000.0
1,477,0,Market_1,19972.04,20000.0
1,478,0,Market_1,20395.14,20000.0
1,479,0,Market_1,19959.44,20000.0
1,480,0,Market_1,20547.05,20000.0
1,481,0,Market_1,20565.7,20000.0
1,482,0,Market_1,20565.7,20000.0
1,483,0,Market_1,20565.7,20000.0
1,484,0,Market_1,20581.96,20000.0
1,485,0,Market_1,20581.96,20000.0
1,486,0,Market_1,20581.96,20000.0
1,487,0,Market_1,20334.08,20000.0
1,488,0,Market_1,20592.63,20000.0
1,489,0,Market_1,20601.88,20000.0
1,490,0,Market_1,20263.5,20000.0
1,491,0,Market_1,20263.5,20000.0
1,492,0,Market_1,20263.5,20000.0
1,493,0,Market_1,20263.5,20000.0
1,494,0,Market_1,20637.47,20000.0
1,495,0,Market_1,20676.38,20000.0
1,496,0,Market_1,20676.38,20000.0
1,497,0,Market_1,20676.38,20000.0
1,498,0,Market_1,20083.63,20000.0
1,499,0,Market_1,20083.63,20000.0
1,500,0,Market_1,20083.63,20000.0
1,501,0,Market_1,20083.63,20000.0
1,502,0,Market_1,20083.63,20000.0
1,503,0,Market_1,20031.52,20000.0
1,504,0,Market_1,20701.3,20000.0
1,505,0,Market_1,19901.260000000002,20000.0
1,506,0,Market_1,19818.13,20000.0
1,507,0,Market_1,19818.13,20000.0
1,508,0,Market_1,19818.13,20000.0
1,509,0,Market_1,19818.13,20000.0
1,510,0,Market_1,19818.13,20000.0
1,511,0,Market_1,20110.54,20000.0
1,512,0,Market_1,19817.2,20000.0
1,513,0,Market_1,19817.2,20000.0
1,514,0,Market_1,19817.2,20000.0
1,515,0,Market_1,19817.2,20000.0
1,516,0,Market_1,20176.59,20000.0
1,517,0,Market_1,20176.59,20000.0
1,518,0,Market_1,20176.59,20000.0
1,519,0,Market_1,20176.59,20000.0
1,520,0,Market_1,20176.59,20000.0
1,521,0,Market_1,20176.59,20000.0
1,522,0,Market_1,20176.59,20000.0
1,523,0,Market_1,20176.59,20000.0
1,524,0,Market_1,20176.59,20000.0
1,525,0,Market_1,20176.59,20000.0
1,526,0,Market_1,20153.91,20000.0
1,527,0,Market_1,20153.91,20000.0
1,528,0,Market_1,20028.21,20000.0
1,529,0,Market_1,20028.21,20000.0
1,530,0,Market_1,20028.21,20000.0
1,531,0,Market_1,19893.47,20000.0
1,532,0,Market_1,19893.47,20000.0
1,533,0,Market_1,19893.47,20000.0
1,534,0,Market_1,19893.47,20000.0
1,535,0,Market_1,19796.21,20000.0
1,536,0,Market_1,19796.21,20000.0
1,537,0,Market_1,19796.21,20000.0
1,538,0,Market_1,19796.21,20000.0
1,539,0,Market_1,19796.21,20000.0
1,540,0,Market_1,19796.21,20000.0
1,541,0,Market_1,19796.21,20000.0
1,542,0,Market_1,19796.21,20000.0
1,543,0,Market_1,19796.21,20000.0
1,544,0,Market_1,19796.21,20000.0
1,545,0,Market_1,19796.21,20000.0
1,546,0,Market_1,19796.21,20000.0
1,547,0,Market_1,19887.96,20000.0
1,548,0,Market_1,19887.96,20000.0
1,549,0,Market_1,19787.05,20000.0
1,550,0,Market_1,19787.05,20000.0
1,551,0,Market_1,19787.05,20000.0
1,552,0,Market_1,19787.05,20000.0
1,553,0,Market_1,19787.05,20000.0
1,554,0,Market_1,19787.05,20000.0
1,555,0,Market_1,19787.05,20000.0
1,556,0,Market_1,19787.05,20000.0
1,557,0,Market_1,19787.05,20000.0
1,558,0,Market_1,19787.05,20000.0
1,559,0,Market_1,20138.11,20000.0
1,560,0,Market_1,20138.11,20000.0
1,561,0,Market_1,20138.11,20000.0
1,562,0,Market_1,20138.11,20000.0
1,563,0,Market_1,20138.11,20000.0
1,564,0,Market_1,20148.97,20000.0
1,565,0,Market_1,20148.97,20000.0
1,566,0,Market_1,20148.97,20000.0
1,567,0,Market_1,20148.97,20000.0
1,568,0,Market_1,20148.97,20000.0
1,569,0,Market_1,20147.13,20000.0
1,570,0,Market_1,20209.27,20000.0
1,571,0,Market_1,20209.27,20000.0
1,572,0,Market_1,20209.27,20000.0
1,573,0,Market_1,20209.27,20000.0
1,574,0,Market_1,20209.27,20000.0
1,575,0,Market_1,20209.27,20000.0
1,576,0,Market_1,20209.27,20000.0
1,577,0,Market_1,20209.27,20000.0
1,578,0,Market_1,20258.36,20000.0
1,579,0,Market_1,20258.36,20000.0
1,580,0,Market_1,20258.36,20000.0
1,581,0,Market_1,20258.36,20000.0
1,582,0,Market_1,20258.36,20000.0
1,583,0,Market_1,20258.36,20000.0
1,584,0,Market_1,20258.36,20000.0
1,585,0,Market_1,20258.36,20000.0
1,586,0,Market_1,20258.36,20000.0
1,587,0,Market_1,20258.36,20000.0
1,588,0,Market_1,20037.64,20000.0
1,589,0,Market_1,20037.64,20000.0
1,590,0,Market_1,20037.64,20000.0
1,591,0,Market_1,20037.64,20000.0
1,592,0,Market_1,19999.88,20000.0
1,593,0,Market_1,19999.88,20000.0
1,594,0,Market_1,19999.88,20000.0
1,595,0,Market_1,20079.79,20000.0
1,596,0,Market_1,20079.79,20000.0
1,597,0,Market_1,20079.79,20000.0
1,598,0,Market_1,20079.79,20000.0
1,599,0,Market_1,20079.79,20000.0
